[  {    "type": "get",    "url": "/getcarousel",    "title": "获取PC首页轮播",    "description": "<p>获取PC首页轮播</p>",    "group": "IndexController",    "permission": [      {        "name": "否"      }    ],    "header": {      "fields": {        "Header": [          {            "group": "Header",            "type": "String",            "optional": false,            "field": "Accept",            "description": "<p>application/vnd.lumen.pc+json</p>"          }        ]      },      "examples": [        {          "title": "Header-Example:",          "content": "{\n  \"Accept\": \"application/vnd.lumen.pc+json\"\n}",          "type": "String"        }      ]    },    "sampleRequest": [      {        "url": "http://appapi.xincheng.tv/api/getcarousel"      }    ],    "version": "0.0.1",    "success": {      "examples": [        {          "title": "Success-Response: ",          "content": "{\n   \"status_code\": 200,\n   \"message\": null,\n   \"data\": [\n       {\n           \"id\": 1,\n           \"type\": 1,\n           \"title\": \"这个是新闻的测试轮播\",\n           \"subtitle\": \"我是副标题 是一个富文本类型 <br/>wo huang hanle \",\n           \"intro\": \"http://xincheng-img.b0.upaiyun.com/xincheng-img-olRvEdHHvq.jpeg\",\n           \"url\": \"这是个url\",\n           \"created_at\": \"2017-09-15 04:56:28\"\n       },\n       {\n           \"id\": 2,\n           \"type\": 2,\n           \"title\": \"这是个视频的测试轮播\",\n           \"subtitle\": \"我是个富标题\",\n           \"intro\": \"http://xincheng-img.b0.upaiyun.com/xincheng-img-egPgp0k6yl.jpeg\",\n           \"url\": \"这是个视频url\",\n           \"created_at\": \"2017-09-15 04:57:50\"\n       }\n   ]\n}",          "type": "json"        }      ]    },    "filename": "app/Http/Controllers/Api/V1/IndexController.php",    "groupTitle": "IndexController",    "name": "GetGetcarousel"  },  {    "type": "get",    "url": "/getcelebritylist",    "title": "获取人物首页",    "description": "<p>获取人物首页</p>",    "group": "IndexController",    "permission": [      {        "name": "否"      }    ],    "parameter": {      "fields": {        "Parameter": [          {            "group": "Parameter",            "type": "Int",            "optional": false,            "field": "limit",            "description": "<p>单页条数</p>"          },          {            "group": "Parameter",            "type": "string",            "optional": false,            "field": "industry_code_list",            "description": "<p>行业Code 可传多个以英文逗号隔开  值的格式应   xxx,xxx,xxx,xxx</p>"          }        ]      }    },    "header": {      "fields": {        "Header": [          {            "group": "Header",            "type": "String",            "optional": false,            "field": "Accept",            "description": "<p>application/vnd.lumen.v1+json</p>"          }        ]      },      "examples": [        {          "title": "Header-Example:",          "content": "{\n  \"Accept\": \"application/vnd.lumen.v1+json\"\n}",          "type": "String"        }      ]    },    "sampleRequest": [      {        "url": "http://appapi.xincheng.tv/api/getcelebritylist"      }    ],    "version": "0.0.1",    "success": {      "examples": [        {          "title": "Success-Response: ",          "content": "{\n   \"status_code\": 200,\n   \"message\": null,\n   \"data\": {\n       \"exception\": null,\n       \"headers\": {},\n       \"original\": {\n           \"total\": 1,\n           \"per_page\": 6,\n           \"current_page\": 1,\n           \"last_page\": 1,\n           \"next_page_url\": null,\n           \"prev_page_url\": null,\n           \"from\": 1,\n           \"to\": 1,\n           \"data\": [\n               {\n                   \"id\": 43,\n                   \"project_id\": 1,\n                   \"product_id\": 0,\n                   \"tech_id\": 0,\n                   \"event_id\": 0,\n                   \"keyword_code\": \"KW0000901\",\n                   \"industry_code\": \"IND0073\",\n                   \"order\": 0,\n                   \"created_at\": null,\n                   \"industry_info\": {\n                       \"id\": 8,\n                       \"parent\": \"\",\n                       \"name\": \"测试\",\n                       \"name_en\": \"test\"\n                   },\n                   \"keyword_info\": {\n                       \"id\": 1,\n                       \"name\": \"测试项目的关键词\",\n                       \"name_en\": \"3213\"\n                   }\n               }\n           ]\n       }\n   }\n}",          "type": "json"        }      ]    },    "filename": "app/Http/Controllers/Api/V1/IndexController.php",    "groupTitle": "IndexController",    "name": "GetGetcelebritylist"  },  {    "type": "get",    "url": "/getcomlist",    "title": "获取公司首页",    "description": "<p>获取公司首页</p>",    "group": "IndexController",    "permission": [      {        "name": "否"      }    ],    "parameter": {      "fields": {        "Parameter": [          {            "group": "Parameter",            "type": "Int",            "optional": false,            "field": "limit",            "description": "<p>单页条数</p>"          },          {            "group": "Parameter",            "type": "string",            "optional": false,            "field": "industry_code_list",            "description": "<p>行业Code 可传多个以英文逗号隔开  值的格式应   xxx,xxx,xxx,xxx</p>"          }        ]      }    },    "header": {      "fields": {        "Header": [          {            "group": "Header",            "type": "String",            "optional": false,            "field": "Accept",            "description": "<p>application/vnd.lumen.v1+json</p>"          }        ]      },      "examples": [        {          "title": "Header-Example:",          "content": "{\n  \"Accept\": \"application/vnd.lumen.v1+json\"\n}",          "type": "String"        }      ]    },    "sampleRequest": [      {        "url": "http://appapi.xincheng.tv/api/getcomlist"      }    ],    "version": "0.0.1",    "success": {      "examples": [        {          "title": "Success-Response: ",          "content": "{\n   \"status_code\": 200,\n   \"message\": null,\n   \"data\": {\n       \"exception\": null,\n       \"headers\": {},\n       \"original\": {\n           \"total\": 1,\n           \"per_page\": 6,\n           \"current_page\": 1,\n           \"last_page\": 1,\n           \"next_page_url\": null,\n           \"prev_page_url\": null,\n           \"from\": 1,\n           \"to\": 1,\n           \"data\": [\n               {\n                   \"id\": 43,\n                   \"project_id\": 1,\n                   \"product_id\": 0,\n                   \"tech_id\": 0,\n                   \"event_id\": 0,\n                   \"keyword_code\": \"KW0000901\",\n                   \"industry_code\": \"IND0073\",\n                   \"order\": 0,\n                   \"created_at\": null,\n                   \"industry_info\": {\n                       \"id\": 8,\n                       \"parent\": \"\",\n                       \"name\": \"测试\",\n                       \"name_en\": \"test\"\n                   },\n                   \"keyword_info\": {\n                       \"id\": 1,\n                       \"name\": \"测试项目的关键词\",\n                       \"name_en\": \"3213\"\n                   }\n               }\n           ]\n       }\n   }\n}",          "type": "json"        }      ]    },    "filename": "app/Http/Controllers/Api/V1/IndexController.php",    "groupTitle": "IndexController",    "name": "GetGetcomlist"  },  {    "type": "get",    "url": "/getindexinfolist",    "title": "获取行业最新资讯",    "description": "<p>获取行业最新资讯</p>",    "group": "IndexController",    "permission": [      {        "name": "否"      }    ],    "parameter": {      "fields": {        "Parameter": [          {            "group": "Parameter",            "type": "string",            "optional": false,            "field": "industry_code_list",            "description": "<p>行业Code 可传多个以英文逗号隔开  值的格式应   xxx,xxx,xxx,xxx</p>"          },          {            "group": "Parameter",            "type": "Int",            "optional": false,            "field": "limit",            "description": "<p>单页条数</p>"          }        ]      }    },    "header": {      "fields": {        "Header": [          {            "group": "Header",            "type": "String",            "optional": false,            "field": "Accept",            "description": "<p>application/vnd.lumen.v1+json</p>"          }        ]      },      "examples": [        {          "title": "Header-Example:",          "content": "{\n  \"Accept\": \"application/vnd.lumen.v1+json\"\n}",          "type": "String"        }      ]    },    "sampleRequest": [      {        "url": "http://appapi.xincheng.tv/api/getindexinfolist"      }    ],    "version": "0.0.1",    "success": {      "examples": [        {          "title": "Success-Response:",          "content": "{\n\"status_code\": 200,\n\"message\": null,\n\"data\": {\n   \"exception\": null,\n   \"headers\": {},\n   \"original\": {\n       \"total\": 3,\n       \"per_page\": \"1\",\n       \"current_page\": 1,\n       \"last_page\": 3,\n       \"next_page_url\": \"http://127.0.0.1:8094/api/getindexinfolist?page=2\",\n       \"prev_page_url\": null,\n       \"from\": 1,\n       \"to\": 1,\n       \"data\": [\n           {\n               \"id\": 17,\n               \"news_id\": 0,\n               \"video_id\": 163,\n               \"gallery_id\": 0,\n               \"keyword_code\": \"KW3316\",\n               \"industry_code\": \"\",\n               \"is_main\": 0,\n               \"position\": 1,\n               \"project_id\": 0,\n               \"product_id\": 0,\n               \"tech_id\": 0,\n               \"event_id\": 0,\n               \"order\": 0,\n               \"created_at\": \"2017-06-27 04:46:30\",\n               \"industry_info\": null,\n               \"keyword_info\": null,\n               \"news_info\": null,\n               \"video_info\": {\n                   \"id\": 163,\n                   \"title\": \"321\",\n                   \"subtitle\": \"321321\",\n                   \"thumb_path\": \"http://xincheng-img.b0.upaiyun.com/xincheng-img-Wn7uPUNWmb.jpeg\"\n               },\n               \"gallery_info\": null\n           }\n       ]\n   }\n}\n}",          "type": "json"        }      ]    },    "filename": "app/Http/Controllers/Api/V1/IndexController.php",    "groupTitle": "IndexController",    "name": "GetGetindexinfolist"  },  {    "type": "get",    "url": "/getindexlatestinfo",    "title": "获取首页最新资讯",    "description": "<p>获取首页最新资讯</p>",    "group": "IndexController",    "permission": [      {        "name": "否"      }    ],    "parameter": {      "fields": {        "Parameter": [          {            "group": "Parameter",            "type": "Int",            "optional": false,            "field": "limit",            "description": "<p>单页条数</p>"          }        ]      }    },    "header": {      "fields": {        "Header": [          {            "group": "Header",            "type": "String",            "optional": false,            "field": "Accept",            "description": "<p>application/vnd.lumen.v1+json</p>"          }        ]      },      "examples": [        {          "title": "Header-Example:",          "content": "{\n  \"Accept\": \"application/vnd.lumen.v1+json\"\n}",          "type": "String"        }      ]    },    "sampleRequest": [      {        "url": "http://appapi.xincheng.tv/api/getindexlatestinfo"      }    ],    "version": "0.0.1",    "success": {      "examples": [        {          "title": "Success-Response:",          "content": "{\n\"status_code\": 200,\n\"message\": null,\n\"data\": {\n   \"exception\": null,\n   \"headers\": {},\n   \"original\": {\n       \"total\": 3,\n       \"per_page\": \"1\",\n       \"current_page\": 1,\n       \"last_page\": 3,\n       \"next_page_url\": \"http://127.0.0.1:8094/api/getindexlatestinfo?page=2\",\n       \"prev_page_url\": null,\n       \"from\": 1,\n       \"to\": 1,\n       \"data\": [\n           {\n               \"id\": 17,\n               \"news_id\": 0,\n               \"video_id\": 163,\n               \"gallery_id\": 0,\n               \"keyword_code\": \"KW3316\",\n               \"industry_code\": \"\",\n               \"is_main\": 0,\n               \"position\": 1,\n               \"project_id\": 0,\n               \"product_id\": 0,\n               \"tech_id\": 0,\n               \"event_id\": 0,\n               \"order\": 0,\n               \"created_at\": \"2017-06-27 04:46:30\",\n               \"industry_info\": null,\n               \"keyword_info\": null,\n               \"news_info\": null,\n               \"video_info\": {\n                   \"id\": 163,\n                   \"title\": \"321\",\n                   \"subtitle\": \"321321\",\n                   \"thumb_path\": \"http://xincheng-img.b0.upaiyun.com/xincheng-img-Wn7uPUNWmb.jpeg\"\n               },\n               \"gallery_info\": null\n           }\n       ]\n   }\n}\n}",          "type": "json"        }      ]    },    "filename": "app/Http/Controllers/Api/V1/IndexController.php",    "groupTitle": "IndexController",    "name": "GetGetindexlatestinfo"  },  {    "type": "get",    "url": "/getindexlist",    "title": "获取PC首页新闻",    "description": "<p>获取PC首页新闻</p>",    "group": "IndexController",    "permission": [      {        "name": "否"      }    ],    "header": {      "fields": {        "Header": [          {            "group": "Header",            "type": "String",            "optional": false,            "field": "Accept",            "description": "<p>application/vnd.lumen.pc+json</p>"          }        ]      },      "examples": [        {          "title": "Header-Example:",          "content": "{\n  \"Accept\": \"application/vnd.lumen.pc+json\"\n}",          "type": "String"        }      ]    },    "parameter": {      "fields": {        "Parameter": [          {            "group": "Parameter",            "type": "Int",            "optional": false,            "field": "limit",            "description": "<p>当前页个数</p>"          },          {            "group": "Parameter",            "type": "Int",            "optional": false,            "field": "page",            "description": "<p>当前页</p>"          }        ]      }    },    "sampleRequest": [      {        "url": "http://appapi.xincheng.tv/api/getindexlist"      }    ],    "version": "0.0.1",    "success": {      "examples": [        {          "title": "Success-Response: ",          "content": "{\n   \"status_code\": 200,\n   \"message\": null,\n   \"data\": {\n       \"exception\": null,\n       \"headers\": {},\n       \"original\": {\n           \"total\": 1,\n           \"per_page\": 6,\n           \"current_page\": 1,\n           \"last_page\": 1,\n           \"next_page_url\": null,\n           \"prev_page_url\": null,\n           \"from\": 1,\n           \"to\": 1,\n           \"data\": [\n               {\n                   \"id\": 29,\n                   \"news_id\": 182,\n                   \"video_id\": 0,\n                   \"gallery_id\": 0,\n                   \"keyword_code\": \"MO08nRmLhbAMyq8t\",\n                   \"industry_code\": \"IND0053\",\n                   \"is_main\": 1,\n                   \"position\": 1,\n                   \"project_id\": 0,\n                   \"product_id\": 0,\n                   \"tech_id\": 0,\n                   \"event_id\": 0,\n                   \"order\": 0,\n                   \"created_at\": \"2017-09-13 06:18:07\",\n                   \"news_info\": {\n                       \"id\": 182,\n                       \"title\": \"\",\n                       \"subtitle\": \"\",\n                       \"thumb_path\": \"\",\n                       \"picture_list\": [],\n                       \"gallery_list\": {\n                           \"picture_list\": null\n                       },\n                       \"desc_list\": [\n                           {\n                               \"id\": 104,\n                               \"desc\": \"https://codepen.io/bradwestfall/project/editor/XWNWge?preview_height=50&amp;open_file=src/app.jshttps://codepen.io/bradwestfall/project/editor/*XWNWge?preview_height=50&amp;open_file=src/app.jshttps://codepen.io/bradwestfall/project/editor/XWNWge?preview_h\"\n                           }\n                       ]\n                   },\n                   \"video_info\": null,\n                   \"draft_edge_list\": {\n                       \"keyword_info_list\": null,\n                       \"porduct_info_list\": [],\n                       \"technology_info_list\": [],\n                       \"project_info_list\": [],\n                       \"keyfigures_info_list\": [],\n                       \"m_subcom_info_list\": null,\n                       \"subcom_info_list\": null,\n                       \"investor_info_list\": null\n                   }\n               }\n           ]\n       }\n   }\n}",          "type": "json"        }      ]    },    "filename": "app/Http/Controllers/Api/V1/IndexController.php",    "groupTitle": "IndexController",    "name": "GetGetindexlist"  },  {    "type": "get",    "url": "/getindustry",    "title": "获取PC左边导航所有",    "description": "<p>获取PC左边导航所有</p>",    "group": "IndexController",    "permission": [      {        "name": "否"      }    ],    "header": {      "fields": {        "Header": [          {            "group": "Header",            "type": "String",            "optional": false,            "field": "Accept",            "description": "<p>application/vnd.lumen.pc+json</p>"          }        ]      },      "examples": [        {          "title": "Header-Example:",          "content": "{\n  \"Accept\": \"application/vnd.lumen.cp+json\"\n}",          "type": "String"        }      ]    },    "sampleRequest": [      {        "url": "http://appapi.xincheng.tv/api/getindustry"      }    ],    "version": "0.0.1",    "success": {      "examples": [        {          "title": "Success-Response: ",          "content": "{\n   \"status_code\": 200,\n   \"message\": null,\n   \"data\": [\n       {\n           \"code\": \"IND0001\",\n           \"name\": \"人工智能\",\n           \"name_en\": \"Artificial Intelligence\",\n           \"subset\": [\n               {\n                   \"code\": \"IND0008\",\n                   \"name\": \"认知计算\",\n                   \"name_en\": \" Cognitive Computing\"\n               },\n               {\n                   \"code\": \"IND0009\",\n                   \"name\": \"感知计算\",\n                   \"name_en\": \"Aware Computing\"\n               },\n               {\n                   \"code\": \"IND0010\",\n                   \"name\": \"机器视觉\",\n                   \"name_en\": \"Machine Vision\"\n               },\n               {\n                   \"code\": \"IND0011\",\n                   \"name\": \"计算机视觉\",\n                   \"name_en\": \"Computer Vision\"\n               },\n               {\n                   \"code\": \"IND0012\",\n                   \"name\": \"自动驾驶技术\",\n                   \"name_en\": \"Autopilot Technology\"\n               },\n               {\n                   \"code\": \"IND0013\",\n                   \"name\": \"机器人技术\",\n                   \"name_en\": \"Robotics\"\n               },\n               {\n                   \"code\": \"IND0014\",\n                   \"name\": \"量子计算\",\n                   \"name_en\": \"Quantum Computing\"\n               },\n               {\n                   \"code\": \"IND0015\",\n                   \"name\": \"神经元芯片\",\n                   \"name_en\": \"Neuron Chip\"\n               },\n               {\n                   \"code\": \"IND0016\",\n                   \"name\": \"图像识别\",\n                   \"name_en\": \" Image Identification\"\n               },\n               {\n                   \"code\": \"IND0017\",\n                   \"name\": \"人脸识别\",\n                   \"name_en\": \"Face Recognition\"\n               },\n               {\n                   \"code\": \"IND0018\",\n                   \"name\": \"眼球识别\",\n                   \"name_en\": \"Eye Recognition\"\n               },\n               {\n                   \"code\": \"IND0019\",\n                   \"name\": \"手势识别\",\n                   \"name_en\": \"Gesture Recognition\"\n               },\n               {\n                   \"code\": \"IND0020\",\n                   \"name\": \"语义理解\",\n                   \"name_en\": \" Semantic Understanding\"\n               },\n               {\n                   \"code\": \"IND0021\",\n                   \"name\": \"语音识别\",\n                   \"name_en\": \" Speech Recognition\"\n               }\n           ]\n       },\n       {\n           \"code\": \"IND0002\",\n           \"name\": \"虚拟/增强现实\",\n           \"name_en\": \"Virtual / Augmented Reality\",\n           \"subset\": [\n               {\n                   \"code\": \"IND0022\",\n                   \"name\": \"虚拟现实技术\",\n                   \"name_en\": \"Virtual Reality Technology\"\n               },\n               {\n                   \"code\": \"IND0023\",\n                   \"name\": \"虚拟现实设备\",\n                   \"name_en\": \"Virtual Reality Devices\"\n               },\n               {\n                   \"code\": \"IND0024\",\n                   \"name\": \"增强现实技术\",\n                   \"name_en\": \" Augmented Reality\"\n               },\n               {\n                   \"code\": \"IND0025\",\n                   \"name\": \"增强显示设备\",\n                   \"name_en\": \"Augmented Reality Device\"\n               },\n               {\n                   \"code\": \"IND0026\",\n                   \"name\": \"交互投影技术\",\n                   \"name_en\": \" Interactive Projection\"\n               }\n           ]\n       },\n       {\n           \"code\": \"IND0003\",\n           \"name\": \"前沿科技\",\n           \"name_en\": \"Spotlight\",\n           \"subset\": [\n               {\n                   \"code\": \"IND0027\",\n                   \"name\": \"无人机\",\n                   \"name_en\": \" Consumer Drones\"\n               },\n               {\n                   \"code\": \"IND0028\",\n                   \"name\": \"超级高铁\",\n                   \"name_en\": \"Super High-Speed Rail\"\n               },\n               {\n                   \"code\": \"IND0029\",\n                   \"name\": \"未来交通工具\",\n                   \"name_en\": \" Future Vehicles\"\n               },\n               {\n                   \"code\": \"IND0030\",\n                   \"name\": \"3D打印技术\",\n                   \"name_en\": \"3D Printing Manufacturing\"\n               },\n               {\n                   \"code\": \"IND0031\",\n                   \"name\": \"纳米科技\",\n                   \"name_en\": \"Nano Technology\"\n               },\n               {\n                   \"code\": \"IND0032\",\n                   \"name\": \"触控技术\",\n                   \"name_en\": \"Touch Technology\"\n               },\n               {\n                   \"code\": \"IND0033\",\n                   \"name\": \"区块链应用\",\n                   \"name_en\": \"Block Chain Applications\"\n               },\n               {\n                   \"code\": \"IND0034\",\n                   \"name\": \"数据传输技术\",\n                   \"name_en\": \"Data Transmission Technology\"\n               },\n               {\n                   \"code\": \"IND0035\",\n                   \"name\": \"农业科技\",\n                   \"name_en\": \" Agricultural Technology\"\n               },\n               {\n                   \"code\": \"IND0036\",\n                   \"name\": \"科技孵化器\",\n                   \"name_en\": \"Technology Incubator\"\n               },\n               {\n                   \"code\": \"IND0037\",\n                   \"name\": \"食品科技\",\n                   \"name_en\": \"Food Science\"\n               },\n               {\n                   \"code\": \"IND0038\",\n                   \"name\": \"智能穿戴设备\",\n                   \"name_en\": \"Smart Wearable Devices\"\n               },\n               {\n                   \"code\": \"IND0039\",\n                   \"name\": \"智能家居产品\",\n                   \"name_en\": \" Smart Home Products\"\n               },\n               {\n                   \"code\": \"IND0040\",\n                   \"name\": \"体感外设\",\n                   \"name_en\": \"Somatosensory peripherals\"\n               },\n               {\n                   \"code\": \"IND0041\",\n                   \"name\": \"无线充电技术\",\n                   \"name_en\": \"Wireless Charging Technology\"\n               },\n               {\n                   \"code\": \"IND0042\",\n                   \"name\": \"眼球追踪技术\",\n                   \"name_en\": \" Eye-Tracking Technology\"\n               }\n           ]\n       },\n       {\n           \"code\": \"IND0004\",\n           \"name\": \"互联网科技\",\n           \"name_en\": \" Internet Technology\",\n           \"subset\": [\n               {\n                   \"code\": \"IND0043\",\n                   \"name\": \"云计算\",\n                   \"name_en\": \" Cloud Computing\"\n               },\n               {\n                   \"code\": \"IND0044\",\n                   \"name\": \"电商技术\",\n                   \"name_en\": \"E-Commerce Technology\"\n               },\n               {\n                   \"code\": \"IND0045\",\n                   \"name\": \"搜索引擎\",\n                   \"name_en\": \"Search Engine\"\n               },\n               {\n                   \"code\": \"IND0046\",\n                   \"name\": \"流媒体技术\",\n                   \"name_en\": \"Streaming Media Technology\"\n               },\n               {\n                   \"code\": \"IND0047\",\n                   \"name\": \"共享经济\",\n                   \"name_en\": \"Sharing Economy\"\n               },\n               {\n                   \"code\": \"IND0048\",\n                   \"name\": \"社交媒体\",\n                   \"name_en\": \"Social Media\"\n               },\n               {\n                   \"code\": \"IND0049\",\n                   \"name\": \"即时通讯\",\n                   \"name_en\": \"Instant Messaging\"\n               },\n               {\n                   \"code\": \"IND0050\",\n                   \"name\": \"在线支付\",\n                   \"name_en\": \" Online Payment\"\n               },\n               {\n                   \"code\": \"IND0051\",\n                   \"name\": \"协同办公\",\n                   \"name_en\": \" Collaborative Productivity\"\n               },\n               {\n                   \"code\": \"IND0052\",\n                   \"name\": \"日程应用\",\n                   \"name_en\": \" Agenda Application\"\n               },\n               {\n                   \"code\": \"IND0053\",\n                   \"name\": \"地图应用\",\n                   \"name_en\": \"Map Application\"\n               },\n               {\n                   \"code\": \"IND0054\",\n                   \"name\": \"云安全\",\n                   \"name_en\": \"Cloud Security\"\n               },\n               {\n                   \"code\": \"IND0055\",\n                   \"name\": \"云服务\",\n                   \"name_en\": \"Cloud Service\"\n               },\n               {\n                   \"code\": \"IND0056\",\n                   \"name\": \"多媒体处理技术\",\n                   \"name_en\": \"Multimedia Processing\"\n               },\n               {\n                   \"code\": \"IND0057\",\n                   \"name\": \"物联网技术\",\n                   \"name_en\": \"Internet of Things\"\n               }\n           ]\n       },\n       {\n           \"code\": \"IND0005\",\n           \"name\": \"太空探索\",\n           \"name_en\": \"Space Exploration\",\n           \"subset\": [\n               {\n                   \"code\": \"IND0058\",\n                   \"name\": \"火箭发射技术\",\n                   \"name_en\": \" Rocket\"\n               },\n               {\n                   \"code\": \"IND0059\",\n                   \"name\": \"空间站\",\n                   \"name_en\": \" Space Station\"\n               },\n               {\n                   \"code\": \"IND0060\",\n                   \"name\": \"空间探测器\",\n                   \"name_en\": \"Space Probe\"\n               },\n               {\n                   \"code\": \"IND0061\",\n                   \"name\": \"卫星科技\",\n                   \"name_en\": \"Satellite\"\n               },\n               {\n                   \"code\": \"IND0062\",\n                   \"name\": \"卫星应用技术\",\n                   \"name_en\": \"Satellite Application\"\n               },\n               {\n                   \"code\": \"IND0063\",\n                   \"name\": \"空天飞机\",\n                   \"name_en\": \"Space Plane\"\n               }\n           ]\n       },\n       {\n           \"code\": \"IND0006\",\n           \"name\": \"生物科技\",\n           \"name_en\": \"Biological Technology\",\n           \"subset\": [\n               {\n                   \"code\": \"IND0064\",\n                   \"name\": \"3D生物打印\",\n                   \"name_en\": \"3D Bioprinting\"\n               },\n               {\n                   \"code\": \"IND0065\",\n                   \"name\": \"仿生科技\",\n                   \"name_en\": \"Bionic Technology\"\n               },\n               {\n                   \"code\": \"IND0066\",\n                   \"name\": \"基因工程\",\n                   \"name_en\": \"Genetic Engineering\"\n               },\n               {\n                   \"code\": \"IND0067\",\n                   \"name\": \"疾病筛查技术\",\n                   \"name_en\": \"Disease Screening\"\n               },\n               {\n                   \"code\": \"IND0068\",\n                   \"name\": \"免疫技术\",\n                   \"name_en\": \"Cognitive Computing\"\n               },\n               {\n                   \"code\": \"IND0069\",\n                   \"name\": \"微生物组学\",\n                   \"name_en\": \"Microbiome Omics\"\n               },\n               {\n                   \"code\": \"IND0070\",\n                   \"name\": \"神经科学\",\n                   \"name_en\": \"Neuroscience\"\n               }\n           ]\n       },\n       {\n           \"code\": \"IND0007\",\n           \"name\": \"能源科技\",\n           \"name_en\": \"Energy Technology\",\n           \"subset\": [\n               {\n                   \"code\": \"IND0071\",\n                   \"name\": \"核能\",\n                   \"name_en\": \"Nuclear Energy\"\n               },\n               {\n                   \"code\": \"IND0072\",\n                   \"name\": \"储能技术\",\n                   \"name_en\": \"Energy Storage\"\n               },\n               {\n                   \"code\": \"IND0073\",\n                   \"name\": \"太阳能\",\n                   \"name_en\": \"Solar Technology\"\n               },\n               {\n                   \"code\": \"IND0074\",\n                   \"name\": \"清洁能源\",\n                   \"name_en\": \"Clean Energy\"\n               },\n               {\n                   \"code\": \"IND0075\",\n                   \"name\": \"石墨烯\",\n                   \"name_en\": \"Graphene\"\n               },\n               {\n                   \"code\": \"IND0076\",\n                   \"name\": \"新型燃料\",\n                   \"name_en\": \"Fuel Cell\"\n               },\n               {\n                   \"code\": \"IND0077\",\n                   \"name\": \"引擎技术\",\n                   \"name_en\": \"Engine Technology\"\n               }\n           ]\n       }\n   ]\n}",          "type": "json"        }      ]    },    "filename": "app/Http/Controllers/Api/V1/IndexController.php",    "groupTitle": "IndexController",    "name": "GetGetindustry"  },  {    "type": "get",    "url": "/getoenindustry",    "title": "获取左边导航一级",    "description": "<p>获取左边导航一级</p>",    "group": "IndexController",    "permission": [      {        "name": "否"      }    ],    "header": {      "fields": {        "Header": [          {            "group": "Header",            "type": "String",            "optional": false,            "field": "Accept",            "description": "<p>application/vnd.lumen.v1+json</p>"          }        ]      },      "examples": [        {          "title": "Header-Example:",          "content": "{\n  \"Accept\": \"application/vnd.lumen.v1+json\"\n}",          "type": "String"        }      ]    },    "sampleRequest": [      {        "url": "http://appapi.xincheng.tv/api/getoenindustry"      }    ],    "version": "0.0.1",    "success": {      "examples": [        {          "title": "Success-Response: ",          "content": "{\n    \"status_code\": 200,\n    \"message\": null,\n    \"data\": [\n        {\n            \"code\": \"IND0001\",\n            \"name\": \"金融\",\n            \"name_en\": \"financial\"\n        },\n        {\n            \"code\": \"IND0073\",\n            \"name\": \"测试\",\n            \"name_en\": \"test\"\n        },\n        {\n            \"code\": \"IND0009\",\n            \"name\": \"视频图片\",\n            \"name_en\": \"shipin\"\n        },\n        {\n            \"code\": \"IND0010\",\n            \"name\": \"test111\",\n            \"name_en\": \"11111\"\n        },\n        {\n            \"code\": \"IND0017\",\n            \"name\": \"女给你那边\",\n            \"name_en\": \"CVBSVB\"\n        },\n        {\n            \"code\": \"IND0019\",\n            \"name\": \"奥富瓦\",\n            \"name_en\": \"sef\"\n        },\n        {\n            \"code\": \"IND0020\",\n            \"name\": \"娃儿发为22\",\n            \"name_en\": \"23423d\"\n        }\n    ]\n}",          "type": "json"        }      ]    },    "filename": "app/Http/Controllers/Api/V1/IndexController.php",    "groupTitle": "IndexController",    "name": "GetGetoenindustry"  },  {    "type": "get",    "url": "/getproductlist",    "title": "获取产品首页",    "description": "<p>获取产品首页</p>",    "group": "IndexController",    "permission": [      {        "name": "否"      }    ],    "parameter": {      "fields": {        "Parameter": [          {            "group": "Parameter",            "type": "Int",            "optional": false,            "field": "limit",            "description": "<p>单页条数</p>"          },          {            "group": "Parameter",            "type": "string",            "optional": false,            "field": "industry_code_list",            "description": "<p>行业Code 可传多个以英文逗号隔开  值的格式应   xxx,xxx,xxx,xxx</p>"          }        ]      }    },    "header": {      "fields": {        "Header": [          {            "group": "Header",            "type": "String",            "optional": false,            "field": "Accept",            "description": "<p>application/vnd.lumen.v1+json</p>"          }        ]      },      "examples": [        {          "title": "Header-Example:",          "content": "{\n  \"Accept\": \"application/vnd.lumen.v1+json\"\n}",          "type": "String"        }      ]    },    "sampleRequest": [      {        "url": "http://appapi.xincheng.tv/api/getproductlist"      }    ],    "version": "0.0.1",    "success": {      "examples": [        {          "title": "Success-Response:",          "content": "{\n\t\"status_code\": 200,\n\t\"message\": null,\n\t\"data\": {\n\t    \"exception\": null,\n\t    \"headers\": {},\n\t    \"original\": {\n\t        \"total\": 1,\n\t        \"per_page\": 6,\n\t        \"current_page\": 1,\n\t        \"last_page\": 1,\n\t        \"next_page_url\": null,\n\t        \"prev_page_url\": null,\n\t        \"from\": 1,\n\t        \"to\": 1,\n\t        \"data\": [\n\t            {\n\t                \"id\": 43,\n\t                \"project_id\": 0,\n\t                \"product_id\": 1,\n\t                \"tech_id\": 0,\n\t                \"event_id\": 0,\n\t                \"keyword_code\": \"KW0000901\",\n\t                \"industry_code\": \"IND0073\",\n\t                \"order\": 0,\n\t                \"created_at\": null,\n\t                \"industry_info\": {\n\t                    \"id\": 8,\n\t                    \"parent\": \"\",\n\t                    \"name\": \"测试\",\n\t                    \"name_en\": \"test\"\n\t                },\n\t                \"keyword_info\": {\n\t                    \"id\": 1,\n\t                    \"name\": \"测试项目的关键词\",\n\t                    \"name_en\": \"3213\"\n\t                },\n\t                \"product_info\": {\n\t                    \"id\": 1,\n\t                    \"name\": \"1\",\n\t                    \"name_en\": \"2\",\n\t                    \"thumb_path\": \"http://xincheng-img.b0.upaiyun.com/xincheng-img-oGjMOnrElL.png!300x300\"\n\t                }\n\t            }\n\t        ]\n\t    }\n\t}\n}",          "type": "json"        }      ]    },    "filename": "app/Http/Controllers/Api/V1/IndexController.php",    "groupTitle": "IndexController",    "name": "GetGetproductlist"  },  {    "type": "get",    "url": "/getprojectlist",    "title": "获取项目首页",    "description": "<p>获取项目首页</p>",    "group": "IndexController",    "permission": [      {        "name": "否"      }    ],    "parameter": {      "fields": {        "Parameter": [          {            "group": "Parameter",            "type": "Int",            "optional": false,            "field": "limit",            "description": "<p>单页条数</p>"          },          {            "group": "Parameter",            "type": "string",            "optional": false,            "field": "industry_code_list",            "description": "<p>行业Code 可传多个以英文逗号隔开  值的格式应   xxx,xxx,xxx,xxx</p>"          }        ]      }    },    "header": {      "fields": {        "Header": [          {            "group": "Header",            "type": "String",            "optional": false,            "field": "Accept",            "description": "<p>application/vnd.lumen.v1+json</p>"          }        ]      },      "examples": [        {          "title": "Header-Example:",          "content": "{\n  \"Accept\": \"application/vnd.lumen.v1+json\"\n}",          "type": "String"        }      ]    },    "sampleRequest": [      {        "url": "http://appapi.xincheng.tv/api/getprojectlist"      }    ],    "version": "0.0.1",    "success": {      "examples": [        {          "title": "Success-Response: ",          "content": "{\n   \"status_code\": 200,\n   \"message\": null,\n   \"data\": {\n       \"exception\": null,\n       \"headers\": {},\n       \"original\": {\n           \"total\": 1,\n           \"per_page\": 6,\n           \"current_page\": 1,\n           \"last_page\": 1,\n           \"next_page_url\": null,\n           \"prev_page_url\": null,\n           \"from\": 1,\n           \"to\": 1,\n           \"data\": [\n               {\n                   \"id\": 43,\n                   \"project_id\": 1,\n                   \"product_id\": 0,\n                   \"tech_id\": 0,\n                   \"event_id\": 0,\n                   \"keyword_code\": \"KW0000901\",\n                   \"industry_code\": \"IND0073\",\n                   \"order\": 0,\n                   \"created_at\": null,\n                   \"industry_info\": {\n                       \"id\": 8,\n                       \"parent\": \"\",\n                       \"name\": \"测试\",\n                       \"name_en\": \"test\"\n                   },\n                   \"keyword_info\": {\n                       \"id\": 1,\n                       \"name\": \"测试项目的关键词\",\n                       \"name_en\": \"3213\"\n                   }\n               }\n           ]\n       }\n   }\n}",          "type": "json"        }      ]    },    "filename": "app/Http/Controllers/Api/V1/IndexController.php",    "groupTitle": "IndexController",    "name": "GetGetprojectlist"  },  {    "type": "get",    "url": "/getsetuplist",    "title": "获取机构首页",    "description": "<p>获取机构首页</p>",    "group": "IndexController",    "permission": [      {        "name": "否"      }    ],    "parameter": {      "fields": {        "Parameter": [          {            "group": "Parameter",            "type": "Int",            "optional": false,            "field": "limit",            "description": "<p>单页条数</p>"          },          {            "group": "Parameter",            "type": "string",            "optional": false,            "field": "industry_code_list",            "description": "<p>行业Code 可传多个以英文逗号隔开  值的格式应   xxx,xxx,xxx,xxx</p>"          }        ]      }    },    "header": {      "fields": {        "Header": [          {            "group": "Header",            "type": "String",            "optional": false,            "field": "Accept",            "description": "<p>application/vnd.lumen.v1+json</p>"          }        ]      },      "examples": [        {          "title": "Header-Example:",          "content": "{\n  \"Accept\": \"application/vnd.lumen.v1+json\"\n}",          "type": "String"        }      ]    },    "sampleRequest": [      {        "url": "http://appapi.xincheng.tv/api/getsetuplist"      }    ],    "version": "0.0.1",    "success": {      "examples": [        {          "title": "Success-Response: ",          "content": "{\n   \"status_code\": 200,\n   \"message\": null,\n   \"data\": {\n       \"exception\": null,\n       \"headers\": {},\n       \"original\": {\n           \"total\": 1,\n           \"per_page\": 6,\n           \"current_page\": 1,\n           \"last_page\": 1,\n           \"next_page_url\": null,\n           \"prev_page_url\": null,\n           \"from\": 1,\n           \"to\": 1,\n           \"data\": [\n               {\n                   \"id\": 43,\n                   \"project_id\": 1,\n                   \"product_id\": 0,\n                   \"tech_id\": 0,\n                   \"event_id\": 0,\n                   \"keyword_code\": \"KW0000901\",\n                   \"industry_code\": \"IND0073\",\n                   \"order\": 0,\n                   \"created_at\": null,\n                   \"industry_info\": {\n                       \"id\": 8,\n                       \"parent\": \"\",\n                       \"name\": \"测试\",\n                       \"name_en\": \"test\"\n                   },\n                   \"keyword_info\": {\n                       \"id\": 1,\n                       \"name\": \"测试项目的关键词\",\n                       \"name_en\": \"3213\"\n                   }\n               }\n           ]\n       }\n   }\n}",          "type": "json"        }      ]    },    "filename": "app/Http/Controllers/Api/V1/IndexController.php",    "groupTitle": "IndexController",    "name": "GetGetsetuplist"  },  {    "type": "get",    "url": "/gettechlist",    "title": "获取科技首页",    "description": "<p>获取科技首页</p>",    "group": "IndexController",    "permission": [      {        "name": "否"      }    ],    "parameter": {      "fields": {        "Parameter": [          {            "group": "Parameter",            "type": "Int",            "optional": false,            "field": "limit",            "description": "<p>单页条数</p>"          },          {            "group": "Parameter",            "type": "string",            "optional": false,            "field": "industry_code_list",            "description": "<p>行业Code 可传多个以英文逗号隔开  值的格式应   xxx,xxx,xxx,xxx</p>"          }        ]      }    },    "header": {      "fields": {        "Header": [          {            "group": "Header",            "type": "String",            "optional": false,            "field": "Accept",            "description": "<p>application/vnd.lumen.v1+json</p>"          }        ]      },      "examples": [        {          "title": "Header-Example:",          "content": "{\n  \"Accept\": \"application/vnd.lumen.v1+json\"\n}",          "type": "String"        }      ]    },    "sampleRequest": [      {        "url": "http://appapi.xincheng.tv/api/gettechlist"      }    ],    "version": "0.0.1",    "success": {      "examples": [        {          "title": "Success-Response: ",          "content": "{\n   \"status_code\": 200,\n   \"message\": null,\n   \"data\": {\n       \"exception\": null,\n       \"headers\": {},\n       \"original\": {\n           \"total\": 1,\n           \"per_page\": 6,\n           \"current_page\": 1,\n           \"last_page\": 1,\n           \"next_page_url\": null,\n           \"prev_page_url\": null,\n           \"from\": 1,\n           \"to\": 1,\n           \"data\": [\n               {\n                   \"id\": 43,\n                   \"project_id\": 0,\n                   \"product_id\": 0,\n                   \"tech_id\": 1,\n                   \"event_id\": 0,\n                   \"keyword_code\": \"KW0000901\",\n                   \"industry_code\": \"IND0073\",\n                   \"order\": 0,\n                   \"created_at\": null,\n                   \"industry_info\": {\n                       \"id\": 8,\n                       \"parent\": \"\",\n                       \"name\": \"测试\",\n                       \"name_en\": \"test\"\n                   },\n                   \"keyword_info\": {\n                       \"id\": 1,\n                       \"name\": \"测试项目的关键词\",\n                       \"name_en\": \"3213\"\n                   }\n               }\n           ]\n       }\n   }\n}",          "type": "json"        }      ]    },    "filename": "app/Http/Controllers/Api/V1/IndexController.php",    "groupTitle": "IndexController",    "name": "GetGettechlist"  },  {    "type": "get",    "url": "/gettwoindustry",    "title": "获取左边导航二级",    "description": "<p>获取左边导航二级</p>",    "group": "IndexController",    "permission": [      {        "name": "否"      }    ],    "parameter": {      "fields": {        "Parameter": [          {            "group": "Parameter",            "type": "string",            "optional": false,            "field": "industry_code",            "description": "<p>一级行业Code</p>"          }        ]      }    },    "header": {      "fields": {        "Header": [          {            "group": "Header",            "type": "String",            "optional": false,            "field": "Accept",            "description": "<p>application/vnd.lumen.v1+json</p>"          }        ]      },      "examples": [        {          "title": "Header-Example:",          "content": "{\n  \"Accept\": \"application/vnd.lumen.v1+json\"\n}",          "type": "String"        }      ]    },    "sampleRequest": [      {        "url": "http://appapi.xincheng.tv/api/gettwoindustry"      }    ],    "version": "0.0.1",    "success": {      "examples": [        {          "title": "Success-Response: ",          "content": "{\n    \"status_code\": 200,\n    \"message\": null,\n    \"data\": [\n        {\n            \"code\": \"IND0011\",\n            \"name\": \"交通\",\n            \"name_en\": \"awfawfw\"\n        },\n        {\n            \"code\": \"IND0015\",\n            \"name\": \"阿尔哇发文\",\n            \"name_en\": \"wafwe\"\n        },\n        {\n            \"code\": \"IND0016\",\n            \"name\": \"安慰法\",\n            \"name_en\": \"awfeawe\"\n        },\n        {\n            \"code\": \"IND0059\",\n            \"name\": \"行业类型1\",\n            \"name_en\": \"\"\n        }\n    ]\n}",          "type": "json"        }      ]    },    "filename": "app/Http/Controllers/Api/V1/IndexController.php",    "groupTitle": "IndexController",    "name": "GetGettwoindustry"  },  {    "type": "get",    "url": "/getxiangsuindexlatestinfo",    "title": "获取首页像素科技口",    "description": "<p>获取首页像素科技口</p>",    "group": "IndexController",    "permission": [      {        "name": "否"      }    ],    "parameter": {      "fields": {        "Parameter": [          {            "group": "Parameter",            "type": "Int",            "optional": false,            "field": "limit",            "description": "<p>单页条数</p>"          }        ]      }    },    "header": {      "fields": {        "Header": [          {            "group": "Header",            "type": "String",            "optional": false,            "field": "Accept",            "description": "<p>application/vnd.lumen.v1+json</p>"          }        ]      },      "examples": [        {          "title": "Header-Example:",          "content": "{\n  \"Accept\": \"application/vnd.lumen.v1+json\"\n}",          "type": "String"        }      ]    },    "sampleRequest": [      {        "url": "http://appapi.xincheng.tv/api/getxiangsuindexlatestinfo"      }    ],    "version": "0.0.1",    "success": {      "examples": [        {          "title": "Success-Response:",          "content": "{\n\"status_code\": 200,\n\"message\": null,\n\"data\": {\n   \"exception\": null,\n   \"headers\": {},\n   \"original\": {\n       \"total\": 3,\n       \"per_page\": \"1\",\n       \"current_page\": 1,\n       \"last_page\": 3,\n       \"next_page_url\": \"http://127.0.0.1:8094/api/getxiangsuindexlatestinfo?page=2\",\n       \"prev_page_url\": null,\n       \"from\": 1,\n       \"to\": 1,\n       \"data\": [\n           {\n               \"id\": 17,\n               \"news_id\": 0,\n               \"video_id\": 163,\n               \"gallery_id\": 0,\n               \"keyword_code\": \"KW3316\",\n               \"industry_code\": \"\",\n               \"is_main\": 0,\n               \"position\": 1,\n               \"project_id\": 0,\n               \"product_id\": 0,\n               \"tech_id\": 0,\n               \"event_id\": 0,\n               \"order\": 0,\n               \"created_at\": \"2017-06-27 04:46:30\",\n               \"industry_info\": null,\n               \"keyword_info\": null,\n               \"news_info\": null,\n               \"video_info\": {\n                   \"id\": 163,\n                   \"title\": \"321\",\n                   \"subtitle\": \"321321\",\n                   \"thumb_path\": \"http://xincheng-img.b0.upaiyun.com/xincheng-img-Wn7uPUNWmb.jpeg\"\n               },\n               \"gallery_info\": null\n           }\n       ]\n   }\n}\n}",          "type": "json"        }      ]    },    "filename": "app/Http/Controllers/Api/V1/IndexController.php",    "groupTitle": "IndexController",    "name": "GetGetxiangsuindexlatestinfo"  },  {    "type": "get",    "url": "/getxiangsupromotelist",    "title": "获取播放列表像素科技接口",    "description": "<p>获取播放列表像素科技接口</p>",    "group": "IndexController",    "permission": [      {        "name": "否"      }    ],    "parameter": {      "fields": {        "Parameter": [          {            "group": "Parameter",            "type": "Int",            "optional": false,            "field": "limit",            "description": "<p>单页条数</p>"          },          {            "group": "Parameter",            "type": "Int",            "optional": false,            "field": "video_id",            "description": "<p>视频ID</p>"          }        ]      }    },    "header": {      "fields": {        "Header": [          {            "group": "Header",            "type": "String",            "optional": false,            "field": "Accept",            "description": "<p>application/vnd.lumen.v1+json</p>"          }        ]      },      "examples": [        {          "title": "Header-Example:",          "content": "{\n  \"Accept\": \"application/vnd.lumen.v1+json\"\n}",          "type": "String"        }      ]    },    "sampleRequest": [      {        "url": "http://appapi.xincheng.tv/api/getxiangsupromotelist"      }    ],    "version": "0.0.1",    "success": {      "examples": [        {          "title": "Success-Response:",          "content": "{\n\"status_code\": 200,\n\"message\": null,\n\"data\": {\n   \"exception\": null,\n   \"headers\": {},\n   \"original\": {\n       \"total\": 3,\n       \"per_page\": \"1\",\n       \"current_page\": 1,\n       \"last_page\": 3,\n       \"next_page_url\": \"http://127.0.0.1:8094/api/getxiangsupromotelist?page=2\",\n       \"prev_page_url\": null,\n       \"from\": 1,\n       \"to\": 1,\n       \"data\": [\n           {\n               \"id\": 17,\n               \"news_id\": 0,\n               \"video_id\": 163,\n               \"gallery_id\": 0,\n               \"keyword_code\": \"KW3316\",\n               \"industry_code\": \"\",\n               \"is_main\": 0,\n               \"position\": 1,\n               \"project_id\": 0,\n               \"product_id\": 0,\n               \"tech_id\": 0,\n               \"event_id\": 0,\n               \"order\": 0,\n               \"created_at\": \"2017-06-27 04:46:30\",\n               \"industry_info\": null,\n               \"keyword_info\": null,\n               \"news_info\": null,\n               \"video_info\": {\n                   \"id\": 163,\n                   \"title\": \"321\",\n                   \"subtitle\": \"321321\",\n                   \"thumb_path\": \"http://xincheng-img.b0.upaiyun.com/xincheng-img-Wn7uPUNWmb.jpeg\"\n               },\n               \"gallery_info\": null\n           }\n       ]\n   }\n}\n}",          "type": "json"        }      ]    },    "filename": "app/Http/Controllers/Api/V1/IndexController.php",    "groupTitle": "IndexController",    "name": "GetGetxiangsupromotelist"  },  {    "type": "get",    "url": "/getxinchengindexlatestinfo",    "title": "获取首页新城商业接口",    "description": "<p>获取首页新城商业接口</p>",    "group": "IndexController",    "permission": [      {        "name": "否"      }    ],    "parameter": {      "fields": {        "Parameter": [          {            "group": "Parameter",            "type": "Int",            "optional": false,            "field": "limit",            "description": "<p>单页条数</p>"          }        ]      }    },    "header": {      "fields": {        "Header": [          {            "group": "Header",            "type": "String",            "optional": false,            "field": "Accept",            "description": "<p>application/vnd.lumen.v1+json</p>"          }        ]      },      "examples": [        {          "title": "Header-Example:",          "content": "{\n  \"Accept\": \"application/vnd.lumen.v1+json\"\n}",          "type": "String"        }      ]    },    "sampleRequest": [      {        "url": "http://appapi.xincheng.tv/api/getxinchengindexlatestinfo"      }    ],    "version": "0.0.1",    "success": {      "examples": [        {          "title": "Success-Response:",          "content": "{\n\"status_code\": 200,\n\"message\": null,\n\"data\": {\n   \"exception\": null,\n   \"headers\": {},\n   \"original\": {\n       \"total\": 3,\n       \"per_page\": \"1\",\n       \"current_page\": 1,\n       \"last_page\": 3,\n       \"next_page_url\": \"http://127.0.0.1:8094/api/getxinchengindexlatestinfo?page=2\",\n       \"prev_page_url\": null,\n       \"from\": 1,\n       \"to\": 1,\n       \"data\": [\n           {\n               \"id\": 17,\n               \"news_id\": 0,\n               \"video_id\": 163,\n               \"gallery_id\": 0,\n               \"keyword_code\": \"KW3316\",\n               \"industry_code\": \"\",\n               \"is_main\": 0,\n               \"position\": 1,\n               \"project_id\": 0,\n               \"product_id\": 0,\n               \"tech_id\": 0,\n               \"event_id\": 0,\n               \"order\": 0,\n               \"created_at\": \"2017-06-27 04:46:30\",\n               \"industry_info\": null,\n               \"keyword_info\": null,\n               \"news_info\": null,\n               \"video_info\": {\n                   \"id\": 163,\n                   \"title\": \"321\",\n                   \"subtitle\": \"321321\",\n                   \"thumb_path\": \"http://xincheng-img.b0.upaiyun.com/xincheng-img-Wn7uPUNWmb.jpeg\"\n               },\n               \"gallery_info\": null\n           }\n       ]\n   }\n}\n}",          "type": "json"        }      ]    },    "filename": "app/Http/Controllers/Api/V1/IndexController.php",    "groupTitle": "IndexController",    "name": "GetGetxinchengindexlatestinfo"  },  {    "type": "get",    "url": "/getxinchengpromotelist",    "title": "获取播放列表新城商业接口",    "description": "<p>获取播放列表新城商业接口</p>",    "group": "IndexController",    "permission": [      {        "name": "否"      }    ],    "parameter": {      "fields": {        "Parameter": [          {            "group": "Parameter",            "type": "Int",            "optional": false,            "field": "limit",            "description": "<p>单页条数</p>"          },          {            "group": "Parameter",            "type": "Int",            "optional": false,            "field": "video_id",            "description": "<p>视频ID</p>"          }        ]      }    },    "header": {      "fields": {        "Header": [          {            "group": "Header",            "type": "String",            "optional": false,            "field": "Accept",            "description": "<p>application/vnd.lumen.v1+json</p>"          }        ]      },      "examples": [        {          "title": "Header-Example:",          "content": "{\n  \"Accept\": \"application/vnd.lumen.v1+json\"\n}",          "type": "String"        }      ]    },    "sampleRequest": [      {        "url": "http://appapi.xincheng.tv/api/getxinchengpromotelist"      }    ],    "version": "0.0.1",    "success": {      "examples": [        {          "title": "Success-Response:",          "content": "{\n\"status_code\": 200,\n\"message\": null,\n\"data\": {\n   \"exception\": null,\n   \"headers\": {},\n   \"original\": {\n       \"total\": 3,\n       \"per_page\": \"1\",\n       \"current_page\": 1,\n       \"last_page\": 3,\n       \"next_page_url\": \"http://127.0.0.1:8094/api/getxinchengpromotelist?page=2\",\n       \"prev_page_url\": null,\n       \"from\": 1,\n       \"to\": 1,\n       \"data\": [\n           {\n               \"id\": 17,\n               \"news_id\": 0,\n               \"video_id\": 163,\n               \"gallery_id\": 0,\n               \"keyword_code\": \"KW3316\",\n               \"industry_code\": \"\",\n               \"is_main\": 0,\n               \"position\": 1,\n               \"project_id\": 0,\n               \"product_id\": 0,\n               \"tech_id\": 0,\n               \"event_id\": 0,\n               \"order\": 0,\n               \"created_at\": \"2017-06-27 04:46:30\",\n               \"industry_info\": null,\n               \"keyword_info\": null,\n               \"news_info\": null,\n               \"video_info\": {\n                   \"id\": 163,\n                   \"title\": \"321\",\n                   \"subtitle\": \"321321\",\n                   \"thumb_path\": \"http://xincheng-img.b0.upaiyun.com/xincheng-img-Wn7uPUNWmb.jpeg\"\n               },\n               \"gallery_info\": null\n           }\n       ]\n   }\n}\n}",          "type": "json"        }      ]    },    "filename": "app/Http/Controllers/Api/V1/IndexController.php",    "groupTitle": "IndexController",    "name": "GetGetxinchengpromotelist"  },  {    "type": "get",    "url": "/getxinchengtvindexlatestinfo",    "title": "获取首页新城TV接口",    "description": "<p>获取首页新城TV接口</p>",    "group": "IndexController",    "permission": [      {        "name": "否"      }    ],    "parameter": {      "fields": {        "Parameter": [          {            "group": "Parameter",            "type": "Int",            "optional": false,            "field": "limit",            "description": "<p>单页条数</p>"          }        ]      }    },    "header": {      "fields": {        "Header": [          {            "group": "Header",            "type": "String",            "optional": false,            "field": "Accept",            "description": "<p>application/vnd.lumen.v1+json</p>"          }        ]      },      "examples": [        {          "title": "Header-Example:",          "content": "{\n  \"Accept\": \"application/vnd.lumen.v1+json\"\n}",          "type": "String"        }      ]    },    "sampleRequest": [      {        "url": "http://appapi.xincheng.tv/api/getxinchengtvindexlatestinfo"      }    ],    "version": "0.0.1",    "success": {      "examples": [        {          "title": "Success-Response:",          "content": "{\n\"status_code\": 200,\n\"message\": null,\n\"data\": {\n   \"exception\": null,\n   \"headers\": {},\n   \"original\": {\n       \"total\": 3,\n       \"per_page\": \"1\",\n       \"current_page\": 1,\n       \"last_page\": 3,\n       \"next_page_url\": \"http://127.0.0.1:8094/api/getxinchengtvindexlatestinfo?page=2\",\n       \"prev_page_url\": null,\n       \"from\": 1,\n       \"to\": 1,\n       \"data\": [\n           {\n               \"id\": 17,\n               \"news_id\": 0,\n               \"video_id\": 163,\n               \"gallery_id\": 0,\n               \"keyword_code\": \"KW3316\",\n               \"industry_code\": \"\",\n               \"is_main\": 0,\n               \"position\": 1,\n               \"project_id\": 0,\n               \"product_id\": 0,\n               \"tech_id\": 0,\n               \"event_id\": 0,\n               \"order\": 0,\n               \"created_at\": \"2017-06-27 04:46:30\",\n               \"industry_info\": null,\n               \"keyword_info\": null,\n               \"news_info\": null,\n               \"video_info\": {\n                   \"id\": 163,\n                   \"title\": \"321\",\n                   \"subtitle\": \"321321\",\n                   \"thumb_path\": \"http://xincheng-img.b0.upaiyun.com/xincheng-img-Wn7uPUNWmb.jpeg\"\n               },\n               \"gallery_info\": null\n           }\n       ]\n   }\n}\n}",          "type": "json"        }      ]    },    "filename": "app/Http/Controllers/Api/V1/IndexController.php",    "groupTitle": "IndexController",    "name": "GetGetxinchengtvindexlatestinfo"  },  {    "type": "get",    "url": "/getxinchengtvpromotelist",    "title": "获取播放列表新城TV接口",    "description": "<p>获取播放列表新城TV接口</p>",    "group": "IndexController",    "permission": [      {        "name": "否"      }    ],    "parameter": {      "fields": {        "Parameter": [          {            "group": "Parameter",            "type": "Int",            "optional": false,            "field": "limit",            "description": "<p>单页条数</p>"          },          {            "group": "Parameter",            "type": "Int",            "optional": false,            "field": "video_id",            "description": "<p>视频ID</p>"          }        ]      }    },    "header": {      "fields": {        "Header": [          {            "group": "Header",            "type": "String",            "optional": false,            "field": "Accept",            "description": "<p>application/vnd.lumen.v1+json</p>"          }        ]      },      "examples": [        {          "title": "Header-Example:",          "content": "{\n  \"Accept\": \"application/vnd.lumen.v1+json\"\n}",          "type": "String"        }      ]    },    "sampleRequest": [      {        "url": "http://appapi.xincheng.tv/api/getxinchengtvpromotelist"      }    ],    "version": "0.0.1",    "success": {      "examples": [        {          "title": "Success-Response:",          "content": "{\n\"status_code\": 200,\n\"message\": null,\n\"data\": {\n   \"exception\": null,\n   \"headers\": {},\n   \"original\": {\n       \"total\": 3,\n       \"per_page\": \"1\",\n       \"current_page\": 1,\n       \"last_page\": 3,\n       \"next_page_url\": \"http://127.0.0.1:8094/api/getxinchengtvpromotelist?page=2\",\n       \"prev_page_url\": null,\n       \"from\": 1,\n       \"to\": 1,\n       \"data\": [\n           {\n               \"id\": 17,\n               \"news_id\": 0,\n               \"video_id\": 163,\n               \"gallery_id\": 0,\n               \"keyword_code\": \"KW3316\",\n               \"industry_code\": \"\",\n               \"is_main\": 0,\n               \"position\": 1,\n               \"project_id\": 0,\n               \"product_id\": 0,\n               \"tech_id\": 0,\n               \"event_id\": 0,\n               \"order\": 0,\n               \"created_at\": \"2017-06-27 04:46:30\",\n               \"industry_info\": null,\n               \"keyword_info\": null,\n               \"news_info\": null,\n               \"video_info\": {\n                   \"id\": 163,\n                   \"title\": \"321\",\n                   \"subtitle\": \"321321\",\n                   \"thumb_path\": \"http://xincheng-img.b0.upaiyun.com/xincheng-img-Wn7uPUNWmb.jpeg\"\n               },\n               \"gallery_info\": null\n           }\n       ]\n   }\n}\n}",          "type": "json"        }      ]    },    "filename": "app/Http/Controllers/Api/V1/IndexController.php",    "groupTitle": "IndexController",    "name": "GetGetxinchengtvpromotelist"  },  {    "type": "get",    "url": "/getallnewslist",    "title": "获取新闻相关所有新闻",    "description": "<p>获取新闻相关所有新闻</p>",    "group": "NewsController",    "permission": [      {        "name": "否"      }    ],    "parameter": {      "fields": {        "Parameter": [          {            "group": "Parameter",            "type": "Int",            "optional": false,            "field": "draft_id",            "description": "<p>新闻ID</p>"          }        ]      }    },    "header": {      "fields": {        "Header": [          {            "group": "Header",            "type": "String",            "optional": false,            "field": "Accept",            "description": "<p>application/vnd.lumen.v1+json</p>"          }        ]      },      "examples": [        {          "title": "Header-Example:",          "content": "{\n  \"Accept\": \"application/vnd.lumen.v1+json\"\n}",          "type": "String"        }      ]    },    "sampleRequest": [      {        "url": "http://appapi.xincheng.tv/api/getallnewslist"      }    ],    "version": "0.0.1",    "success": {      "examples": [        {          "title": "Success-Response:",          "content": "{\n    \"status_code\": 200,\n    \"message\": null,\n    \"data\": {\n        \"news_list\": [\n            {\n                \"draft_id\": 54,\n                \"keyword_code\": \"Oo7M3jwwclORI3Pa\",\n                \"title\": \"自行车自行车\",\n                \"subtitle\": \"自行车自行车\",\n                \"thumb_path\": null\n            },\n            {\n                \"draft_id\": 168,\n                \"keyword_code\": \"Oo7M3jwwclORI3Pa\",\n                \"title\": \"\",\n                \"subtitle\": \"\",\n                \"thumb_path\": null\n            },\n            {\n                \"draft_id\": 157,\n                \"keyword_code\": \"Oo7M3jwwclORI3Pa\",\n                \"title\": \"标题测试11211s\",\n                \"subtitle\": \"标测11121ss\",\n                \"thumb_path\": null\n            }\n        ]\n    }\n}",          "type": "json"        }      ]    },    "filename": "app/Http/Controllers/Api/V1/NewsController.php",    "groupTitle": "NewsController",    "name": "GetGetallnewslist"  },  {    "type": "get",    "url": "/getnewsedge",    "title": "获取内容右边栏信息",    "description": "<p>获取内容右边栏信息</p>",    "group": "NewsController",    "permission": [      {        "name": "否"      }    ],    "parameter": {      "fields": {        "Parameter": [          {            "group": "Parameter",            "type": "Int",            "optional": false,            "field": "draft_id",            "description": "<p>新闻ID</p>"          },          {            "group": "Parameter",            "type": "String",            "optional": false,            "field": "keyword_code",            "description": "<p>关键词Code 可以为空如果没有 就去找新闻ID下的关键词Code</p>"          }        ]      }    },    "header": {      "fields": {        "Header": [          {            "group": "Header",            "type": "String",            "optional": false,            "field": "Accept",            "description": "<p>application/vnd.lumen.v1+json</p>"          }        ]      },      "examples": [        {          "title": "Header-Example:",          "content": "{\n  \"Accept\": \"application/vnd.lumen.v1+json\"\n}",          "type": "String"        }      ]    },    "sampleRequest": [      {        "url": "http://appapi.xincheng.tv/api/getnewsedge"      }    ],    "version": "0.0.1",    "success": {      "examples": [        {          "title": "Success-Response:",          "content": "{\n\"status_code\": 200,\n\"message\": null,\n\"data\": {\n       \"keyword_info_list\": {\n           \"name\": \"测试新闻的关键词\",\n           \"oneword\": \"\",\n           \"desc\": \"\",\n           \"geo_code_country\": \"\",\n           \"geo_code_province\": \"\",\n           \"geo_code_city\": \"\",\n           \"birth\": \"0000-00-00\",\n           \"logo_path\": \"\",\n           \"head_path\": \"\"\n       },\n       \"porduct_info_list\": [\n           {\n               \"id\": 45,\n               \"keyword_code\": \"KW0000006\",\n               \"name\": \"诶我去诶我去爱迪生\"\n           }\n       ],\n       \"technology_info_list\": [],\n       \"project_info_list\": [],\n       \"keyfigures_info_list\": [\n           {\n               \"id\": 1,\n               \"keyword_code\": \"KW0000006\",\n               \"executive\": \"KW0000006\",\n               \"type_code_role\": \"ST00002\",\n               \"name\": \"测试新闻的关键词\",\n               \"name_en\": \"\",\n               \"role_name\": \"优酷\",\n               \"role_name_en\": \"\"\n           }\n       ],\n       \"m_subcom_info_list\": null,\n       \"subcom_info_list\": {\n           \"id\": 9,\n           \"keyword_code\": \"cGuVNvXBugGaFvxk\",\n           \"sub_keyword_code\": \"KW0000006\",\n           \"is_passed\": 1,\n           \"is_published\": 1,\n           \"is_disabled\": 0,\n           \"is_locked\": 0,\n           \"order\": 9,\n           \"created_at\": null,\n           \"name\": \"测试新闻的关键词\",\n           \"name_en\": \"\",\n           \"code\": \"KW0000006\",\n           \"keyword_category_code\": \"KC002\",\n           \"oneword\": \"\",\n           \"desc\": \"\",\n           \"geo_code_country\": \"\",\n           \"geo_code_province\": \"\",\n           \"geo_code_city\": \"\",\n           \"birth\": \"0000-00-00\",\n           \"logo_path\": \"\",\n           \"head_path\": \"\",\n           \"news_id\": 0,\n           \"source_app\": \"\",\n           \"source_author\": 0\n       },\n       \"investor_info_list\": [\n           {\n               \"name\": \"特\",\n               \"oneword\": \"\",\n               \"desc\": \"\",\n               \"geo_code_country\": \"1\",\n               \"geo_code_province\": \"101011\",\n               \"geo_code_city\": \"105495081310101101\",\n               \"birth\": \"0000-00-00\",\n               \"logo_path\": \"http://xincheng-img.b0.upaiyun.com/xincheng-img-YN9As8fFw6.png\",\n               \"head_path\": \"http://xincheng-img.b0.upaiyun.com/xincheng-img-F8KgV83cMF.png\"\n           },\n           {\n               \"name\": \"入网费\",\n               \"oneword\": \"\",\n               \"desc\": \"\",\n               \"geo_code_country\": \"DZA\",\n               \"geo_code_province\": \"\",\n               \"geo_code_city\": \"\",\n               \"birth\": \"0000-00-00\",\n               \"logo_path\": \"http://xincheng-img.b0.upaiyun.com/xincheng-img-kgDunbTNCX.png\",\n               \"head_path\": \"http://xincheng-img.b0.upaiyun.com/xincheng-img-v9ixYWgGdH.png\"\n           }\n       ]\n   }\n}",          "type": "json"        }      ]    },    "filename": "app/Http/Controllers/Api/V1/NewsController.php",    "groupTitle": "NewsController",    "name": "GetGetnewsedge"  },  {    "type": "get",    "url": "/getnewsindex",    "title": "获取新闻内容信息",    "description": "<p>获取新闻内容信息</p>",    "group": "NewsController",    "permission": [      {        "name": "否"      }    ],    "parameter": {      "fields": {        "Parameter": [          {            "group": "Parameter",            "type": "Int",            "optional": false,            "field": "draft_id",            "description": "<p>新闻ID</p>"          }        ]      }    },    "header": {      "fields": {        "Header": [          {            "group": "Header",            "type": "String",            "optional": false,            "field": "Accept",            "description": "<p>application/vnd.lumen.v1+json</p>"          }        ]      },      "examples": [        {          "title": "Header-Example:",          "content": "{\n  \"Accept\": \"application/vnd.lumen.v1+json\"\n}",          "type": "String"        }      ]    },    "sampleRequest": [      {        "url": "http://appapi.xincheng.tv/api/getnewsindex"      }    ],    "version": "0.0.1",    "success": {      "examples": [        {          "title": "Success-Response:",          "content": "{\n   \"status_code\": 200,\n   \"message\": null,\n   \"data\": {\n       \"id\": 130,\n       \"title\": \"标题测试111\",\n       \"subtitle\": \"标题测试111\",\n       \"author_name\": \"yyj\",\n       \"draft_intro_list\": [\n           {\n               \"id\": 36,\n               \"desc\": \"zxczxc\"\n           },\n           {\n               \"id\": 35,\n               \"desc\": \"zxczxc\"\n           }\n       ],\n       \"draft_keyword_list\": [\n           {\n               \"keyword_code\": \"fCIv2fGQpo8jkUvt\",\n               \"name\": \"太空探索技术公司\",\n               \"name_en\": \"SpaceX\"\n           }\n       ],\n       \"draft_industry_list\": {\n           \"industry_code\": \"IND0011\",\n           \"industry_name\": \"计算机视觉\",\n           \"industry_name_en\": \"Computer Vision\",\n           \"industry_parent_name\": \"人工智能\",\n           \"industry_parent_name_en\": \"Artificial Intelligence\"\n       },\n       \"draft_body_list\": []\n   }\n}",          "type": "json"        }      ]    },    "filename": "app/Http/Controllers/Api/V1/NewsController.php",    "groupTitle": "NewsController",    "name": "GetGetnewsindex"  }]
